{"X": [[0.11224469878341901, 0.2379474129531119, 0.16507540557567538, 0.08649381408816499, 0.21067358901854794, 0.24288809913384013, 0.24248166562609724, 0.07107728946010548, 0.141573554488666, 0.21558399053550664, 0.06160805558210656, 0.18567136560501707], [0.19408619218622675, 0.21986186955126857, 0.1195922615043408, 0.060712689139199694, 0.22080314545806162, 0.09031588465472207, 0.1417392915078844, 0.08923145503741599, 0.09736973072239129, 0.20422102617774124, 0.20257126048324997, 0.08594785791787646], [0.11771251106442314, 0.20143853070151818, 0.15899346052917046, 0.11002157363328265, 0.09790246828216012, 0.23327137798096448, 0.15130768657884824, 0.126722535384058, 0.13591054972992245, 0.0631715216042088, 0.16135391486575656, 0.060065521889834605], [0.09529351137079288, 0.13192309426162052, 0.08916175332105043, 0.20485596473835682, 0.13149133600749685, 0.12175209917125299, 0.12638195784375197, 0.19971711361260958, 0.06288972947660454, 0.18740936063494812, 0.056439079075324486, 0.24467804561056888], [0.1933987040385569, 0.21999130070382406, 0.07131972506982463, 0.1500079799293037, 0.1511381008341548, 0.24884898018976492, 0.10677718104930263, 0.21285614456194468, 0.1809077869242065, 0.15333664875417202, 0.17771841881797984, 0.22045902999664002], [0.25, 0.25, 0.05000000074505806, 0.05000000074505806, 0.25, 0.05000000074505806, 0.25, 0.05000000074505806, 0.25, 0.25, 0.25, 0.25], [0.05000000074505806, 0.25, 0.25, 0.05000000074505806, 0.25, 0.25, 0.25, 0.05000000074505806, 0.05000000074505806, 0.25, 0.05000000074505806, 0.25], [0.12844641506671906, 0.25, 0.1586478054523468, 0.07895855605602264, 0.20563849806785583, 0.25, 0.25, 0.05000000074505806, 0.20047755539417267, 0.2007104605436325, 0.05000000074505806, 0.1285700500011444], [0.09566043317317963, 0.20477120578289032, 0.13491705060005188, 0.1502317190170288, 0.16217274963855743, 0.25, 0.2230067104101181, 0.12952087819576263, 0.11032441258430481, 0.18871699273586273, 0.05000000074505806, 0.16969755291938782], [0.25, 0.05000000074505806, 0.25, 0.25, 0.25, 0.05000000074505806, 0.25, 0.25, 0.05000000074505806, 0.05000000074505806, 0.25, 0.25]], "Y": [[2.8], [1.8], [1.4], [1.6], [1.6], [2.0], [2.0], [2.0], [1.8], [1.8]]}