{"X": [[0.26224469878341905, 0.3879474129531119, 0.31507540557567537, 0.236493814088165, 0.36067358901854796, 0.39288809913384015, 0.39248166562609726, 0.2210772894601055, 0.291573554488666, 0.36558399053550666, 0.21160805558210657, 0.3356713656050171], [0.3440861921862267, 0.36986186955126854, 0.2695922615043408, 0.21071268913919972, 0.37080314545806164, 0.2403158846547221, 0.2917392915078844, 0.239231455037416, 0.2473697307223913, 0.3542210261777412, 0.35257126048324994, 0.23594785791787645], [0.2677125110644232, 0.3514385307015182, 0.3089934605291705, 0.26002157363328265, 0.24790246828216012, 0.38327137798096444, 0.30130768657884827, 0.276722535384058, 0.28591054972992247, 0.21317152160420882, 0.3113539148657566, 0.21006552188983463], [0.2452935113707929, 0.28192309426162054, 0.23916175332105044, 0.35485596473835684, 0.2814913360074969, 0.271752099171253, 0.27638195784375197, 0.3497171136126096, 0.21288972947660456, 0.3374093606349481, 0.2064390790753245, 0.3946780456105689], [0.34339870403855693, 0.3699913007038241, 0.22131972506982464, 0.3000079799293037, 0.3011381008341548, 0.3988489801897649, 0.25677718104930264, 0.3628561445619447, 0.3309077869242065, 0.30333664875417204, 0.3277184188179798, 0.37045902999664004], [0.4000000059604645, 0.20000000298023224, 0.20000000298023224, 0.4000000059604645, 0.20000000298023224, 0.4000000059604645, 0.20000000298023224, 0.4000000059604645, 0.4000000059604645, 0.20000000298023224, 0.33826130628585815, 0.4000000059604645], [0.3746936321258545, 0.3942100405693054, 0.20000000298023224, 0.32308316230773926, 0.24961668252944946, 0.4000000059604645, 0.20370492339134216, 0.4000000059604645, 0.3908981382846832, 0.23268215358257294, 0.39089637994766235, 0.37736546993255615], [0.39710772037506104, 0.36078447103500366, 0.20000000298023224, 0.3448221981525421, 0.2989152669906616, 0.4000000059604645, 0.20000000298023224, 0.4000000059604645, 0.3547402024269104, 0.3196009695529938, 0.3665119409561157, 0.4000000059604645], [0.32193970680236816, 0.3368963897228241, 0.20000000298023224, 0.29109272360801697, 0.34729862213134766, 0.37541574239730835, 0.2795981466770172, 0.3768707513809204, 0.26376116275787354, 0.3745596706867218, 0.27788588404655457, 0.4000000059604645], [0.34330639243125916, 0.37960538268089294, 0.23605866730213165, 0.2943594455718994, 0.3111487030982971, 0.4000000059604645, 0.265581876039505, 0.34545111656188965, 0.3305221199989319, 0.31447339057922363, 0.32501161098480225, 0.35911810398101807]], "Y": [[2.0], [2.2], [2.2], [2.0], [2.4], [1.8], [2.0], [1.8], [1.8], [2.2]]}