{"X": [[0.26224469878341905, 0.3879474129531119, 0.31507540557567537, 0.236493814088165, 0.36067358901854796, 0.39288809913384015, 0.39248166562609726, 0.2210772894601055, 0.291573554488666, 0.36558399053550666, 0.21160805558210657, 0.3356713656050171], [0.3440861921862267, 0.36986186955126854, 0.2695922615043408, 0.21071268913919972, 0.37080314545806164, 0.2403158846547221, 0.2917392915078844, 0.239231455037416, 0.2473697307223913, 0.3542210261777412, 0.35257126048324994, 0.23594785791787645], [0.2677125110644232, 0.3514385307015182, 0.3089934605291705, 0.26002157363328265, 0.24790246828216012, 0.38327137798096444, 0.30130768657884827, 0.276722535384058, 0.28591054972992247, 0.21317152160420882, 0.3113539148657566, 0.21006552188983463], [0.2452935113707929, 0.28192309426162054, 0.23916175332105044, 0.35485596473835684, 0.2814913360074969, 0.271752099171253, 0.27638195784375197, 0.3497171136126096, 0.21288972947660456, 0.3374093606349481, 0.2064390790753245, 0.3946780456105689], [0.34339870403855693, 0.3699913007038241, 0.22131972506982464, 0.3000079799293037, 0.3011381008341548, 0.3988489801897649, 0.25677718104930264, 0.3628561445619447, 0.3309077869242065, 0.30333664875417204, 0.3277184188179798, 0.37045902999664004], [0.20000000298023224, 0.20000000298023224, 0.20000000298023224, 0.4000000059604645, 0.20000000298023224, 0.234283909201622, 0.20000000298023224, 0.4000000059604645, 0.20000000298023224, 0.4000000059604645, 0.20000000298023224, 0.4000000059604645], [0.20000000298023224, 0.20000000298023224, 0.20187757909297943, 0.4000000059604645, 0.20000000298023224, 0.28878381848335266, 0.2507147789001465, 0.4000000059604645, 0.20000000298023224, 0.3447076976299286, 0.20000000298023224, 0.4000000059604645], [0.24909265339374542, 0.27193307876586914, 0.2115016132593155, 0.37929126620292664, 0.35405999422073364, 0.20000000298023224, 0.20000000298023224, 0.34947890043258667, 0.20000000298023224, 0.4000000059604645, 0.20000000298023224, 0.4000000059604645], [0.20000000298023224, 0.4000000059604645, 0.4000000059604645, 0.20000000298023224, 0.28276219964027405, 0.2646596431732178, 0.4000000059604645, 0.20000000298023224, 0.20000000298023224, 0.20000000298023224, 0.20000000298023224, 0.4000000059604645], [0.20000000298023224, 0.3008505702018738, 0.30421608686447144, 0.3900154232978821, 0.23848064243793488, 0.2839371860027313, 0.33793404698371887, 0.3564596176147461, 0.20000000298023224, 0.27028530836105347, 0.20000000298023224, 0.4000000059604645]], "Y": [[2.0], [2.2], [1.8], [3.2], [1.8], [2.4], [2.2], [2.0], [2.4], [1.8]]}